company_name,country,procurement_products,contact,phone,fax,address,zip,email,website,continent,country_tier,categories,primary_category
Thomas Potter (Newcastle) Ltd.,英国,五金,Harry,0044 191 265 3911,0044 191 276 5844,"Industry Road, Heaton, GB NE6 5TZ, Newcastle Upon Tyne",,sales@thomaspotter.com,http://www.thomaspotter.com,欧洲,S,['厨房用品'],厨房用品
THE SUPERIOR GOODS & SERVICE COMPANY,美国,五金,,001 877 7472888/253 4763450,001 253 4763455,"1102 PUYALLUP AVE TACOMA,WA 98421",WA 98421,info@sgshardware.com,WWW.SGSHARDWARE.COM,北美洲,S,['厨房用品'],厨房用品
THE SPRINGFIELD MARINE COMPANY,美国,五金,CAROLINE CARNAHAN,001 417 7252667,001 417 7252864,P.O.BOX 588 NIXA MISSOURI,65714,chimo168@aol.com,WWW.SPRINGFIELDGRP.COM,北美洲,S,['厨房用品'],厨房用品
THE PENROD COMPANY,美国,五金,GEORGE HE,001 757 4980186,001 757 4981075,"2809 S LYNNHAVER RD.SUITE 350 VIGIANIA BEACH,VIRGINIA",23452,penrodcn@thepenrodcompany.com,www.thepenrodcompany.com,北美洲,S,['厨房用品'],厨房用品
THE INDUSTRIAL DEPOT,美国,五金,ALLEN GOU,001 678 2493944,001 678 2493954,"5155-M SUGARLOAF PKWY. LAWRENCEVILLE,GA",30043,agou@theindustrialdepot.com,WWW.THEINDUSTRIALDEPOT.COM,北美洲,S,['厨房用品'],厨房用品
TG TOOLS UNITED CO,美国,五金,TOM,001 6305844122,001 6305844722,"1020 CEDAR AVE SUITE 2B,SUITE 2B ST. CHARLESIL. 60174,U.S.A.",,tgtools@sbcglobal.net,www.tgtools.com,北美洲,S,['五金工具'],五金工具
TECHNI-TOOL PRODUCTS INC,美国,五金,VIVIAN WEAVER,001 714 3630661,001 714 3630663,"249 E.EMERSON AVENUE,SUITE A,ORANGE, CA 92865",,technitool@yahoo.com,www.techni-toolproducts.com,北美洲,S,['五金工具'],五金工具
Swedish Tool AB,瑞典,五金,,0046 8 514 307 00,0046 8 514 307 01,"Gymnasiev 2, SE 18636, Vallentuna",,swtool@swedishtool.se,http://www.swedishtool.se,欧洲,A,['五金工具'],五金工具
SUNCOR STAINLESS,美国,五金,ROMAN STRIEBEL,001 781-829-8899,001 508 7329798,"RIVERSIDE DR, PEMBROKE, MA 02359",,roman@suncorstainless.com,www.suncorstainless.com,北美洲,S,['五金工具'],五金工具
SUPERIOR BRASS PTY. LTD.,澳大利亚,五金,MORRIS SMOLARSKI,0061 3 95533559,0061 3 95533558,"137-145 CHESTERVILLE RD.,MOORABBIN,VIC.3189",,email@superiorbrass.com,WWW.SUPERIORBRASS.COM,大洋洲,S,['五金工具'],五金工具
SUNN BATTERY COMPANY,美国,五金,ADA CORBETT,001 9043544508,001 9043587753,"1316 WEST ADAMS ST JACKSONVILLEFLORIDA 32204,U.S.A.",,ptron@bellsouth.net,www.sunnbattery.com,北美洲,S,['厨房用品'],厨房用品
Stampe Metalvare,丹麦,五金,,0045 97 56 18 44,0045 97 56 18 78,"Frilandsvej 23 C, Roedding, DK 7860, Spoettrup",,stampemetal@industri.dk,http://www.stampemetal.dk,欧洲,A,['五金工具'],五金工具
SOON AIK HARDWARE (PTE) LTD.,新加坡,五金,ALBERT CHAN,0065 68423822/68426966,0065 68423233/68423933/68423966,"12 TANNERY LANE,#07-00 SOON AIK INDUSTRIAL BUILDING",347775,soonaik@cyberway.com.sg,WWW.SOONAIK.COM.SG,亚洲,A,['五金工具'],五金工具
Sing Huat Hardware & Machinery Pte Ltd,新加坡,五金,Yip Choong Cheong,0065 62936861,0065 62963274,"Office:327/329,Jalan Besar, 208981, Singapore",,singhuat@singnet.com.sg,http://www.singhuat.com,亚洲,A,['五金工具'],五金工具
"SIMON'S HARDWARE & BATH, INC.",美国,五金,WALTER RESS,001 212 532 9220,001 212 7253609,"421, THIRD AVENUE, NEW YORK, NY 10016-8151",,wress@simons-hardware.com,WWW.SIMONS-HARDWARE.COM,北美洲,S,['五金工具'],五金工具
SIGNATURE HARDWARE,美国,五金,MIKE DOWLIN,001 6365799904,001 6365199757/3147549492,"16017 WILSON MANOR DRIVECHESTERFIELD MO 63005,U.S.A.",,mikedowlin@aol.com,www.designhardware.net,北美洲,S,['五金工具'],五金工具
SIERRA WHOLESALE HARDWARE INC.,美国,五金,HAROLD H. HAHN,001 909 8848644,001 909 3813033,"P.O. BOX 5158,SAN BERNARDINO,CA",CA 92412,sierrahardware@sierrahardware.com,WWW.SIERRAHARDWARE.COM,北美洲,S,['五金工具'],五金工具
SHEPHERD HARDWARE LLC,美国,五金,JEFF WESOLOWSKI,001 269 756 3830,001 269 756 3848,"6961 US HIGHWAY 12, THREE OAKS, MI 49128",,customerservice@shepherdhardware.com,www.shepherdhardware.com,北美洲,S,['五金工具'],五金工具
SHENG LEE HARDWARE & TRADING,新加坡,五金,NG CHEE HER(RICHARD),0065 67529866/96386798,0065 67529855,"BLK 22 WOODLANDS LINK,#01-57/58 WOODLANDS EAST INDUSTRIAL ESTATE",738734,shenglee@pacific.net.sg,WWW.SHENGLEE.COM,亚洲,A,['五金工具'],五金工具
SHANGHAI TONG LEE HARDWARE PTE. LTD.,新加坡,五金,JACOB TEE,0065 62917288/62987211/97633377,0065 62911228/62965540,"200,JALAN SULTAN,#01-01,TEXTILE CENTRE",199018,sales@shanghaitonglee.com.sg,WWW.SHANGHAITONGLEE.COM.SG,亚洲,A,['五金工具'],五金工具
SEAWALK HARDWARE TRADING PTE LTD,新加坡,五金,CAREN CHEN,0065 67442328,0065 67441923,"223,KAKI BUKIT AVE 1,SHUN LI IND.PARK",416046,purchase@seawalkhardware.com,WWW.SEAWALKHARDWARE.COM,亚洲,A,['五金工具'],五金工具
SEAWALK HARDWARE TRADING PTE LTD,新加坡,五金,CAREN CHEN,0065 67442328,0065 67441923,"223,KAKI BUKIT AVE 1,SHUN LI IND.PARK",416046,purchase@seawalkhardware.com,WWW.SEAWALKHARDWARE.COM,亚洲,A,['五金工具'],五金工具
MPA TOOLS,意大利,五金,STEFANO PALLADINI,0039 06 98579090,0039 06 98578200,"VIA DEL TRIDENTE,23, 00048 NETTUNO (ROMA)",,mpatools@caltanet.it/mpatools@tim.it,www.mpatools.it,欧洲,A,['五金工具'],五金工具
MODERN ALUMINUM CASTING,美国,五金,MICHAEL W ROURKE,001 812-232-0007,001 812-232-0009,"1400 N 1500 14TH ST, TERRE HAUTE, IN 47807",,modalum@modernaluminum.com,www.modernaluminum.com,北美洲,S,['五金工具'],五金工具
MIDWEST DOOR & HARDWARE INC,美国,五金,DICK SELIG,001 402 464 6348,001 402 464 7268,"5001 RUSSELL CIR, LINCOLN, NE 68507",,info@midwestdoor.net,www.midwestdoor.net,北美洲,S,['五金工具'],五金工具
Midway Tools Ltd,英国,五金,P. Roberts,0044 121 553 3819,0044 121 500 5453,"9A Walsall Street, GB B70 7NX, West Bromwich",,mail@midwaytools.co.uk,http://www.midwaytools.co.uk,欧洲,S,['五金工具'],五金工具
MICHAEL MCLOUGHLIN & SONS HARDWARE LTD,爱尔兰,五金,KIERAN MCLOUGHLIN,00353 1 4601333/862487874,00353 1 4601661,"LONG MILE ROAD,DUBLIN 12",,kieran.mcloughlin@mmcloughlin.com,WWW.MMCLOUGHLIN.COM,欧洲,A,['五金工具'],五金工具
Metall- und Service-Center GmbH,奥地利,五金,Herr Prok. Hans Oberhofer,0043 1 25946360,0043 1 259463639,"Percostrasse 12, A-1220 Wien, Wien, Austria",,office@metall-center.at,WWW.METAL-CENTER.AT,欧洲,A,['五金工具'],五金工具
Metalpoint Ltd,英国,五金,B. Ramsey,0044 191 455 6086,0044 191 455 2447,"Factory D, Western Approach, GB NE33 5N, South Shields",,sales@arndale.co.uk,http://www.arndale.co.uk,欧洲,S,['五金工具'],五金工具
"Metalfil, S.A.",西班牙,五金,AlainMingam,0034 93 840 92 82,0034 93 840 92 78,"Salvador Llobet, 16, Pol. Indl. El Ramassar, E 08400, Granollers",,metalfil@metalfil.com,WWW.METALFIL.COM,欧洲,A,['五金工具'],五金工具
MARINE HARDWARE,美国,五金,JOHN PUGH,001 425-883-0651,001 425-869-1232,"14560 NE 91ST ST, REDMOND, WA 98052-6553",,info@marinehardware.com,www.marinehardware.com,北美洲,S,['五金工具'],五金工具
Lister Machine Tools (NI) Ltd,英国,五金,Mrs L. McLaughlin,0044 28 9066 3804,0044 28 9066 3804,"Unit 10, Boucher Business, Centre, GB BT12 6H, Belfast",,saleslmt@aol.com,WWW.LISTERMACHINETOOLS.COM,欧洲,S,['五金工具'],五金工具
LIEBMAN HARDWARE & COMPONENTS,美国,五金,A LIEBMAN,001 516 4880621,001 516 4880728,"50 CARNATION AVENUE, BUILDING #3, FLORAL PARK, NY 11001",,liebman@erols.com,www.alliebman.com,北美洲,S,['五金工具'],五金工具
LIANG CHEW HARDWARE PTE LTD,新加坡,五金,SEAH BOON TEE,0065 62960224,0065 63921280,133 KITCHENER ROAD,208517,liangchew@pacific.net.sg,WWW.LIANGCHEW.COM,亚洲,A,['五金工具'],五金工具
"KINCAID FURNITURE COMPANY,INC.",美国,五金,Mr. MARVIN L. OLIVER,001 828 7262814,001 828 7280266,"240 PLEASANT HILL ROAD/P.O. BOX 605 BUDSON,NC",28638,marvin oliver@kincaidfurniture.com,WWW.KINCAIDFURNITURE.COM,北美洲,S,['厨房用品'],厨房用品
"KIM GUAN HUAT HARDWARE CO.,PTE. LTD.",新加坡,五金,NG SEE SING,0065 62871386/62833388/62800788/96359876,0065 62898191,"NO.9,DEFU LANE 12,INDUSTRIAL PARK E",539118,kimguanhuat@pacific.com.sg,WWW.KIMGUANHUAT.COM,亚洲,A,['五金工具'],五金工具
KIM BEE HUAT HARDWARE(M)SDN.BHD.,新加坡,五金,NG SEE SING,0065 62871386/62833388/96359876,0065 62876116/62898191,"NO.9,DEFU LANE 12,INDUSTRIAL PARK E",539118,kimguanhuat@pacific.net.sg,HTTP://WWW.KIMGUANHUAT.COM,亚洲,A,['五金工具'],五金工具
KENG WAH HARDWARE CO.PTE.LTD.,新加坡,五金,GOH TUAN PAY,0065 63924896/96707445/97355381,0065 62964736,BLK.1 MAUDE ROAD #01-36/38,200001,kengwah1@singnet.com.sg,WWW.KENGWAH.COM,亚洲,A,['五金工具'],五金工具
Jackdaw Tools Ltd,英国,五金,S. Paskin,0044 1902 366551,0044 1902 634983,Leveson St Willenhall W. Midlands WV13 1DB,,jackd@ukindustry.co.uk,http://www.jackdaw.co.uk,欧洲,S,['五金工具'],五金工具
INTERSTATE HARDWARE CO,美国,五金,DAVE LYTLE,001 303 755 4590,001 303 755 0938,"7660 E JEWELL AVE, DENVER, CO 80231",,inthard@aol.com,www.interstatehardware.com,北美洲,S,['五金工具'],五金工具
INTERNATIONAL HARDWARE INC.,美国,五金,RON BRANDWEIN,001 847 827 7000,,"4346 REGENCY DR, GLENVIEW, IL 60025",,info@ihinc.com,www.ihinc.com,北美洲,S,['五金工具'],五金工具
IJsseltools CV,荷兰,五金,W.G. Kalkman,0031 180 592929,0031 180 511929,"Parallelweg 1 A, NL 2921 LE, Krimpen a.d. IJssel",,sales@ijsseltools.nl,WWW.IJSSELTOOLS.COM,欧洲,A,['五金工具'],五金工具
Hwalett Hardware Pte Ltd,新加坡,五金,,0065 63668118,0065 63668133,"Hua Yu Ind.Building, 17 Mandai Estate #02-01, 729934, Singapore",,hwabo@singnet.com.sg,WWW.HWECO.SG,亚洲,A,['五金工具'],五金工具
Hunter Tools Ltd,英国,五金,Nicholas Jones,0044 1275 851333,0044 1275 854333,"Unit 15, Worle Industrial, Centre, Coker Road, GB BS22 6B, Weston Super Mare",,sales@huntertools.co.uk,www.huntertools.co.uk,欧洲,S,['五金工具'],五金工具
HSM Panel,美国,五金,Darmento Sentoso,001 909-595-6329,001 909-595-6132,"21210 Commerce Point Dr., Walnut, CA 91789-3055, USA",,smdbmp@hotmail.com,WWW.HSMPANELINC.COM,北美洲,S,['厨房用品'],厨房用品
HOUSE HASSON HARDWARE CO,美国,五金,DONALD HASSON,001 865 525 0471,001 865 525 6178,"3125 WATER PLANT RD, KNOXVILLE, TN 37914",,info@househasson.com,www.househasson.com,北美洲,S,['五金工具'],五金工具
HOPKINS-CARTER MARINE HARDWARE,美国,五金,PARKS MASTERSON,001 305 6357377,001 305 6331310,"3701, N.W. 21 ST STREET,MIAMI,,FL",FL 33100,info@hopkins-carter.com,WWW.HOPKINS-CARTER.COM,北美洲,S,['五金工具'],五金工具
HIRONICHI KOGYO KK,日本,五金,UMEDA MINORU,0081 82 293 8333,0081 82 2312355,"10-18, MINAMIKANON-MACHI, NISHI-KU HIROSHIMA-SHI, HIROSHIMA 7330034",,info@hironichi.co.jp,WWW.HIRONICHI.CO.JP,亚洲,S,['五金工具'],五金工具
