序号,客户ID,公司名称,国家,城市,客户类型,品类,官网,邮箱,邮箱类型,联系人,职位,意向等级,国家等级,优先级评分,评级,状态,开发信主题行,英文词数,使用卖点,搜索来源,置信度
1,p6_outdoorknives_001,Columbia River Knife & Tool (CRKT),USA,,品牌商,户外刀,https://www.crkt.com,webcontact@crkt.com,具体邮箱,Rodney Bremer (CEO),Chief Executive Officer,高,S,88,A,待开发,Yangjiang OEM for CRKT-style folding knives,112,"阳江产业带, 4家深度合作工厂, 创始人直接对接, OEM/ODM折刀MOQ 100pcs",第六阶段批量开发-户外刀,
2,p6_outdoorknives_002,"Outdoor Edge (Revo Brand Group, LLC)",USA,,品牌商,户外刀,https://www.outdooredge.com,info@outdooredge.com,通用邮箱,David Bloch,President & Lead Designer,高,S,85,A,待开发,Yangjiang factory for hunting & game-processing knives,118,"阳江产业带, 4家深度合作工厂, 免费营销素材套餐, OEM/ODM猎刀+刀套",第六阶段批量开发-户外刀,
3,p6_outdoorknives_003,Heinr. Boker Baumwerk GmbH (Boker),Germany,,进口商,户外刀,https://www.boker.com,info@boker.com,通用邮箱,Boker Family (management),Executive team,中,A,78,B,待开发,Yangjiang OEM for Boker Plus / Magnum line,115,"阳江产业带, 4家深度合作工厂, SGS LFGB + FDA认证（合作工厂持有）, 出口130+国家, OEM/ODM",第六阶段批量开发-户外刀,
4,p6_outdoorknives_004,Survival Supplies Australia (Australian Bushcraft),Australia,,电商卖家,户外刀,https://www.australianbushcraft.com.au,orders@survivalsupplies.com.au,通用邮箱,未找到,建议LinkedIn查找 Australia bushcraft store owner / buyer,中,A,72,B,待开发,EDC & survival knives — Yangjiang factory direct,108,"阳江产业带, 折刀MOQ 100pcs起, 免费营销素材套餐, 出口130+国家",第六阶段批量开发-户外刀,
5,p6_outdoorknives_005,TSG Imports Ltd.,Canada,,批发商,户外刀,（未找到独立官网，来自全球采购商名录）,info@tsg.ca,通用邮箱,未找到,建议电话联系或LinkedIn查找,中,A,68,C,待开发,Outdoor & camping knives — factory direct from Yangjiang,110,"阳江产业带, 4家深度合作工厂, 工厂直供价低于贸易商20%, SGS LFGB + FDA认证, 出口130+国家, 免费营销素材",第六阶段批量开发-户外刀,
6,p6_kitchenknives_001,Messermeister,USA,,品牌商,厨房刀,https://www.messermeister.com,orders@messermeister.com,通用邮箱,Kirsten Dressler & Chelcea Dressler,"Co-owners / Second Generation, Women-owned",高,S,88,A,待开发,Yangjiang knife partner for your next collection,128,"阳江产业带, 4家深度合作工厂, OEM/ODM, SGS LFGB + FDA认证（合作工厂持有）, 免费营销素材套餐",第六阶段批量开发-厨房刀,
7,p6_kitchenknives_002,Matsato,USA,,电商卖家,厨房刀,https://matsato.com,support@matsato.com,通用邮箱,,,高,S,82,B,待开发,Expand your Santoku line — Yangjiang factory direct,118,"阳江产业带, 4家深度合作工厂, OEM/ODM, 免费营销素材套餐, 工厂宣传片打客户Logo",第六阶段批量开发-厨房刀,
8,p6_kitchenknives_003,KATO Deutschland GmbH (Kato Group),Germany,,分销商,厨房刀,https://www.katogroup.eu,info@katogroup.eu,通用邮箱,,,中,A,75,B,待开发,LFGB-certified kitchen knives from Yangjiang — factory direct,125,"阳江产业带, 4家深度合作工厂, SGS LFGB + FDA认证（合作工厂持有）, 工厂直供价 — 低于贸易商20%, 出口130+国家, 一站式采购",第六阶段批量开发-厨房刀,
9,p6_kitchenknives_004,Kitchen Craft (Lifetime Brands Europe Ltd),UK,,进口商,厨房刀,https://www.kitchencraft.co.uk,sales@kitchencraft.co.uk,通用邮箱,Emma Lewis-Jones (mentioned in Wiza profile),Unknown role at KitchenCraft,高,A,90,A,待开发,Yangjiang knife specialist for your MasterClass range,132,"阳江产业带, 4家深度合作工厂, OEM/ODM, SGS LFGB + FDA认证（合作工厂持有）, 创始人Leo直接对接, 免费营销素材套餐, 工厂宣传片打客户Logo",第六阶段批量开发-厨房刀,
10,p6_kitchenknives_005,"Kitasho Co., Ltd. (Kanetsune Seki)",Japan,,品牌商,厨房刀,https://www.kanetsune.com,info@kanetsune.com,通用邮箱,Kiyohiro Furuta,International Sales Manager,中,A,72,B,待开发,OEM kitchen knife production in Yangjiang for export lines,126,"4家深度合作工厂, OEM/ODM, 阳江产业带, SGS LFGB + FDA认证（合作工厂持有）, 日式15°开刃标准",第六阶段批量开发-厨房刀,
11,p6_professionalscissors_001,Haus & Garten,USA,,品牌商,专业剪刀,https://www.hausandgarten.com,support@hausandgarten.com,通用邮箱,,,高,S,82,B,待开发,Pruning shears supply for your ClassicPRO line,118,"阳江产业带 — 中国75%刀剪产自阳江, 免费营销素材套餐 — 产品图/视频/工厂视频，基础版免费, OEM/ODM代工 — 可贴牌，可定制，低MOQ",第六阶段批量开发-专业剪刀,
12,p6_professionalscissors_002,Acme United Corporation (Clauss brand),USA,,进口商,专业剪刀,https://www.acmeunited.com,customerservice@acmeunited.com,通用邮箱,,,中,S,55,C,待开发,Clauss shears — Yangjiang OEM capacity,115,"阳江产业带 — 中国75%刀剪产自阳江, 4家深度合作工厂 — 稳定供货，家族股权模式, SGS LFGB + FDA认证（合作工厂持有）, 工厂宣传片打客户Logo",第六阶段批量开发-专业剪刀,
13,p6_professionalscissors_003,Germany Solingen (Jochen Weber),Germany,,进口商/批发商,专业剪刀,https://germanysolingen.com,germanyshop@gewesotopcut-solingen.com,通用邮箱,Jochen Weber,Owner / Importer,中,A,68,C,待开发,Adding value-priced shears to your Solingen range,108,"OEM/ODM代工 — 可贴牌，可定制, SGS LFGB + FDA认证（合作工厂持有）, 低MOQ，一站式采购优势明显",第六阶段批量开发-专业剪刀,
14,p6_professionalscissors_004,Kanpeki Hairdressing Scissors (Hairtechnic Ltd),UK,,品牌商,专业剪刀,https://kanpeki.co.uk,mail@hairtechnic.co.uk,通用邮箱,,,高,A,80,B,待开发,Manufacturing support for Kanpeki's next range,122,"创始人Leo直接对接 — 不经过销售, 工厂宣传片打客户Logo, 免费营销素材套餐, PVD颜色/凸磨等工艺定制",第六阶段批量开发-专业剪刀,
15,p6_professionalscissors_005,SAS LOCAU,France,,分销商,专业剪刀,https://www.locau.com,direct@locau.com,通用邮箱,,,高,A,88,A,待开发,One supplier for your 120 scissor references,112,"阳江产业带 — 中国75%刀剪产自阳江, 4家深度合作工厂 — 稳定供货, 一站式采购 — 四大品类统一供应, 低MOQ",第六阶段批量开发-专业剪刀,
16,p6_kitchenaccessories_001,"Norpro, Inc.",美国 (USA),,品牌商/批发商（B2B厨房工具品牌，不自营零售，只通过零售商分销）,厨房用品,https://www.norpro.com,order@norpro.com,通用邮箱,,未找到，建议LinkedIn查找 Sourcing Manager / VP of Purchasing,高,S,88,A,待开发,Yangjiang kitchen tool network — Norpro supply backup?,122,"阳江产业带（中国75%刀剪产自阳江）, 4家深度合作工厂—稳定供货, 工厂直供价—低于贸易商20%, 免费营销素材套餐—产品图/视频, SGS LFGB + FDA认证（合作工厂持有）, 低MOQ，快速交货",第六阶段批量开发-厨房用品,
17,p6_kitchenaccessories_002,"HIC, Harold Import Co. (Harold Import Company)",美国 (USA),,进口商（厨房工具/烘焙用具进口与批发）,厨房用品,https://www.haroldimport.com,smulligan@haroldimport.com,具体邮箱,S. Mulligan,行业目录登记联系人（推测为销售/商务岗）；另据其官方博客，Nicole Herman 曾任 Director of Marketing（2016年资料，时效待核）,高,S,86,A,待开发,Reliable kitchen tool sourcing for HIC — Yangjiang,128,"阳江产业带（中国75%刀剪产自阳江）, 4家深度合作工厂—稳定供货, 工厂直供价—低于贸易商20%, 免费营销素材套餐—产品图/视频, SGS LFGB + FDA认证（合作工厂持有）, 低MOQ，快速交货",第六阶段批量开发-厨房用品,
18,p6_kitchenaccessories_003,Harms Import & Vertriebs GmbH & Co. KG,德国 (Germany),,进口商（家居/厨房用品进口与批发，供货给零售商）,厨房用品,https://www.harms-import.de,info@harms-import.de,通用邮箱,,未找到，建议LinkedIn / 德国商业登记册（Handelsregister）查询 Einkaufsleiter（采购经理）,中,A,80,B,待开发,"Cutting boards & kitchen tools, LFGB-certified, Yangjiang",124,"阳江产业带（中国75%刀剪产自阳江）, 4家深度合作工厂—稳定供货, 工厂直供价—低于贸易商20%, 免费营销素材套餐—产品图/视频, 砧板：FSC认证竹木/塑料/复合材质, SGS LFGB + FDA认证（合作工厂持有）",第六阶段批量开发-厨房用品,
19,p6_kitchenaccessories_004,Heat & Grill,澳大利亚 (Australia),,电商卖家（BBQ专业线上零售商，click&collect+全国配送）,厨房用品,https://www.heatgrill.com.au,info@heatgrill.com.au,通用邮箱,,未找到，建议LinkedIn查找 Owner / General Manager（墨尔本BBQ电商）,高,A,82,B,待开发,Private-label BBQ tools + free photos for Heat & Grill,119,"阳江产业带, 4家深度合作工厂—稳定供货, 工厂直供价—低于贸易商20%, OEM/ODM代工—可贴牌, 免费营销素材套餐—产品图/视频（对电商尤其有价值）, BBQ工具：烤刷/烤夹/烤针/烤网",第六阶段批量开发-厨房用品,
20,p6_kitchenaccessories_005,Dexam (Dexam Group / Dexam International),英国 (UK),,品牌商/分销商（约50年历史的厨房用品进口与批发集团，运营多品牌）,厨房用品,https://www.dexam.co.uk,sales@dexam.co.uk,通用邮箱,,未找到，建议LinkedIn查找 Buying Controller / Merchandising Director（其拥有贸易/出口部门 trade.dexam.co.uk）,中,A,81,B,待开发,OEM kitchen gadgets + free media for Dexam's next range,121,"阳江产业带（中国75%刀剪产自阳江）, 4家深度合作工厂—稳定供货, 工厂直供价—低于贸易商20%, OEM/ODM代工—可贴牌，可定制, 免费营销素材套餐—产品图/视频, SGS LFGB认证（合作工厂持有）",第六阶段批量开发-厨房用品,
